hashtags,comments
#followforfollow,? 
#followback,?
#follow4like,?
#followher,?
#follow4like,?
#followhim,?
#followalways,?Ê
#followforlike,?
#follow4follow,?Ê
#followme,?Ê
#f4f,??
#followbackteam,?
#followers,?
#followus,
#follow,?
#followforfollow,??
#instatag,?
#following,?
#followshoutoutlikecomment,?
#pleasefollowme,?
#instagramanet,?
#followmeplease,?Ê
#follows,<3
#follower,
#followplease,
#teamfollowback,
#followall,
#followforfollowback,
#pleasefollow,
#followback,
#follow4followback,
#followbackalways,
